t_ps,event,calib,p_valid,p_ready,p_data,ld_st,ld_name,ld_busy,ld_out,ui_st,ui_name,ui_out,ui_busy,p_en,p_rdy,p_wren,p_wdf_rdy,app_en,app_rdy,app_wdf_wren,app_wdf_rdy,app_rdv,mux_g,qsc,debug_clear,load_ack,load_reject,reason,agen,ack_d,st_valid_ui
206000,ARM,1,0,1,00000000,0,IDLE,0,0,0,IDLE,0,0,0,0,0,0,0,1,0,1,0,0,0,0,0,0,00,ffffffff,0,0
219000,QSC,1,0,1,00000000,0,IDLE,0,0,0,IDLE,0,0,0,0,0,0,0,1,0,1,0,0,1,0,0,0,00,ffffffff,0,0
41169000,DEBUG_CLEAR_RISE,1,0,1,00000000,0,IDLE,0,0,0,IDLE,0,0,0,0,0,0,0,1,0,1,0,0,0,1,0,0,00,ffffffff,0,0
241331000,DEBUG_CLEAR_FALL,1,0,1,00000000,0,IDLE,0,0,0,IDLE,0,0,0,0,0,0,0,1,0,1,0,0,0,0,0,0,00,ffffffff,0,0
241344000,QSC,1,0,1,00000000,0,IDLE,0,0,0,IDLE,0,0,0,0,0,0,0,1,0,1,0,0,1,0,0,0,00,ffffffff,0,0
328981000,P_BEGIN,1,1,1,00800001,0,IDLE,0,0,0,IDLE,0,0,0,0,0,0,0,1,0,1,0,0,1,0,0,0,00,ffffffff,0,0
328994000,LD_ST,1,0,1,00800001,1,RX,1,0,0,IDLE,0,0,0,0,0,0,0,1,0,1,0,0,0,0,0,0,00,ffffffff,0,0
368981000,P_FIRE,1,1,1,3149414e,1,RX,1,0,0,IDLE,0,0,0,0,0,0,0,1,0,1,0,0,0,0,0,0,00,ffffffff,0,0
408981000,P_FIRE,1,1,1,00010001,1,RX,1,0,0,IDLE,0,0,0,0,0,0,0,1,0,1,0,0,0,0,0,0,00,ffffffff,0,0
448981000,P_FIRE,1,1,1,00000001,1,RX,1,0,0,IDLE,0,0,0,0,0,0,0,1,0,1,0,0,0,0,0,0,00,ffffffff,0,0
488981000,P_FIRE,1,1,1,0000ffff,1,RX,1,0,0,IDLE,0,0,0,0,0,0,0,1,0,1,0,0,0,0,0,0,00,ffffffff,0,0
528981000,P_FIRE,1,1,1,00000001,1,RX,1,0,0,IDLE,0,0,0,0,0,0,0,1,0,1,0,0,0,0,0,0,00,ffffffff,0,0
568981000,P_FIRE,1,1,1,00000000,1,RX,1,0,0,IDLE,0,0,0,0,0,0,0,1,0,1,0,0,0,0,0,0,00,ffffffff,0,0
728981000,P_FIRE,1,1,1,00000001,1,RX,1,0,0,IDLE,0,0,0,0,0,0,0,1,0,1,0,0,0,0,0,0,00,ffffffff,0,0
768981000,P_FIRE,1,1,1,99ad9e68,1,RX,1,0,0,IDLE,0,0,0,0,0,0,0,1,0,1,0,0,0,0,0,0,00,ffffffff,0,0
808981000,P_FIRE,1,1,1,01826099,1,RX,1,0,0,IDLE,0,0,0,0,0,0,0,1,0,1,0,0,0,0,0,0,00,ffffffff,0,0
848981000,P_FIRE,1,1,1,d4c9916c,1,RX,1,0,0,IDLE,0,0,0,0,0,0,0,1,0,1,0,0,0,0,0,0,00,ffffffff,0,0
888981000,P_FIRE,1,1,1,4b05ed1c,1,RX,1,0,0,IDLE,0,0,0,0,0,0,0,1,0,1,0,0,0,0,0,0,00,ffffffff,0,0
928981000,P_FIRE,1,1,1,025e9d1c,1,RX,1,0,0,IDLE,0,0,0,0,0,0,0,1,0,1,0,0,0,0,0,0,00,ffffffff,0,0
968981000,P_FIRE,1,1,1,b61462d8,1,RX,1,0,0,IDLE,0,0,0,0,0,0,0,1,0,1,0,0,0,0,0,0,00,ffffffff,0,0
1008981000,P_FIRE,1,1,1,ba99454e,1,RX,1,0,0,IDLE,0,0,0,0,0,0,0,1,0,1,0,0,0,0,0,0,00,ffffffff,0,0
1048981000,P_FIRE,1,1,1,205a5abd,1,RX,1,0,0,IDLE,0,0,0,0,0,0,0,1,0,1,0,0,0,0,0,0,00,ffffffff,0,0
1088981000,P_FIRE,1,1,1,8dd9c85f,1,RX,1,0,0,IDLE,0,0,0,0,0,0,0,1,0,1,0,0,0,0,0,0,00,ffffffff,0,0
1128981000,P_FIRE,1,1,1,a287b1fc,1,RX,1,0,0,IDLE,0,0,0,0,0,0,0,1,0,1,0,0,0,0,0,0,00,ffffffff,0,0
1168981000,P_FIRE,1,1,1,5f0d8ee1,1,RX,1,0,0,IDLE,0,0,0,0,0,0,0,1,0,1,0,0,0,0,0,0,00,ffffffff,0,0
1208981000,P_FIRE,1,1,1,4764ac69,1,RX,1,0,0,IDLE,0,0,0,0,0,0,0,1,0,1,0,0,0,0,0,0,00,ffffffff,0,0
1248981000,P_FIRE,1,1,1,a6386386,1,RX,1,0,0,IDLE,0,0,0,0,0,0,0,1,0,1,0,0,0,0,0,0,00,ffffffff,0,0
1288981000,P_FIRE,1,1,1,d5c12b61,1,RX,1,0,0,IDLE,0,0,0,0,0,0,0,1,0,1,0,0,0,0,0,0,00,ffffffff,0,0
1328981000,P_FIRE,1,1,1,990f8cc5,1,RX,1,0,0,IDLE,0,0,0,0,0,0,0,1,0,1,0,0,0,0,0,0,00,ffffffff,0,0
1368981000,P_FIRE,1,1,1,529208bf,1,RX,1,0,0,IDLE,0,0,0,0,0,0,0,1,0,1,0,0,0,0,0,0,00,ffffffff,0,0
1408981000,P_FIRE,1,1,1,00000100,1,RX,1,0,0,IDLE,0,0,0,0,0,0,0,1,0,1,0,0,0,0,0,0,00,ffffffff,0,0
1448981000,P_FIRE,1,1,1,00010080,1,RX,1,0,0,IDLE,0,0,0,0,0,0,0,1,0,1,0,0,0,0,0,0,00,ffffffff,0,0
1488981000,P_FIRE,1,1,1,3f28bdc0,1,RX,1,0,0,IDLE,0,0,0,0,0,0,0,1,0,1,0,0,0,0,0,0,00,ffffffff,0,0
1528981000,P_FIRE,1,1,1,00000000,1,RX,1,0,0,IDLE,0,0,0,0,0,0,0,1,0,1,0,0,0,0,0,0,00,ffffffff,0,0
1608994000,LD_ST,1,0,0,00000000,12,CRC_WAIT,1,0,0,IDLE,0,0,0,0,0,0,0,1,0,1,0,0,0,0,0,0,00,ffffffff,0,0
1609006000,LD_ST,1,0,0,00000000,2,DEC,1,0,0,IDLE,0,0,0,0,0,0,0,1,0,1,0,0,0,0,0,0,00,ffffffff,0,0
1609019000,LD_ST,1,0,1,00000000,0,IDLE,0,0,0,IDLE,0,0,0,0,0,0,0,1,0,1,0,0,1,0,0,0,00,ffffffff,0,0
1648981000,P_FIRE,1,1,1,00200002,0,IDLE,0,0,0,IDLE,0,0,0,0,0,0,0,1,0,1,0,0,1,0,0,0,00,ffffffff,0,0
1648994000,LD_ST,1,0,1,00200002,1,RX,1,0,0,IDLE,0,0,0,0,0,0,0,1,0,1,0,0,0,0,0,0,00,ffffffff,0,0
1688981000,P_FIRE,1,1,1,00000800,1,RX,1,0,0,IDLE,0,0,0,0,0,0,0,1,0,1,0,0,0,0,0,0,00,ffffffff,0,0
1728981000,P_FIRE,1,1,1,00000000,1,RX,1,0,0,IDLE,0,0,0,0,0,0,0,1,0,1,0,0,0,0,0,0,00,ffffffff,0,0
1768981000,P_FIRE,1,1,1,00000010,1,RX,1,0,0,IDLE,0,0,0,0,0,0,0,1,0,1,0,0,0,0,0,0,00,ffffffff,0,0
1808981000,P_FIRE,1,1,1,00010004,1,RX,1,0,0,IDLE,0,0,0,0,0,0,0,1,0,1,0,0,0,0,0,0,00,ffffffff,0,0
1848981000,P_FIRE,1,1,1,00000004,1,RX,1,0,0,IDLE,0,0,0,0,0,0,0,1,0,1,0,0,0,0,0,0,00,ffffffff,0,0
1888981000,P_FIRE,1,1,1,785bb750,1,RX,1,0,0,IDLE,0,0,0,0,0,0,0,1,0,1,0,0,0,0,0,0,00,ffffffff,0,0
1928981000,P_FIRE,1,1,1,4e414931,1,RX,1,0,0,IDLE,0,0,0,0,0,0,0,1,0,1,0,0,0,0,0,0,00,ffffffff,0,0
1968981000,P_FIRE,1,1,1,00000000,1,RX,1,0,0,IDLE,0,0,0,0,0,0,0,1,0,1,0,0,0,0,0,0,00,ffffffff,0,0
1968994000,LD_ST,1,0,0,00000000,12,CRC_WAIT,1,0,0,IDLE,0,0,0,0,0,0,0,1,0,1,0,0,0,0,0,0,00,ffffffff,0,0
1969006000,LD_ST,1,0,0,00000000,2,DEC,1,0,0,IDLE,0,0,0,0,0,0,0,1,0,1,0,0,0,0,0,0,00,ffffffff,0,0
1969019000,LD_ST,1,0,1,00000000,0,IDLE,0,0,0,IDLE,0,0,0,0,0,0,0,1,0,1,0,0,1,0,0,0,00,ffffffff,0,0
2008981000,P_FIRE,1,1,1,00200003,0,IDLE,0,0,0,IDLE,0,0,0,0,0,0,0,1,0,1,0,0,1,0,0,0,00,ffffffff,0,0
2008994000,LD_ST,1,0,1,00200003,1,RX,1,0,0,IDLE,0,0,0,0,0,0,0,1,0,1,0,0,0,0,0,0,00,ffffffff,0,0
2048981000,P_FIRE,1,1,1,00000001,1,RX,1,0,0,IDLE,0,0,0,0,0,0,0,1,0,1,0,0,0,0,0,0,00,ffffffff,0,0
2088981000,P_FIRE,1,1,1,00000000,1,RX,1,0,0,IDLE,0,0,0,0,0,0,0,1,0,1,0,0,0,0,0,0,00,ffffffff,0,0
2128981000,P_FIRE,1,1,1,00000010,1,RX,1,0,0,IDLE,0,0,0,0,0,0,0,1,0,1,0,0,0,0,0,0,00,ffffffff,0,0
2168981000,P_FIRE,1,1,1,785bb750,1,RX,1,0,0,IDLE,0,0,0,0,0,0,0,1,0,1,0,0,0,0,0,0,00,ffffffff,0,0
2208981000,P_FIRE,1,1,1,a11ce001,1,RX,1,0,0,IDLE,0,0,0,0,0,0,0,1,0,1,0,0,0,0,0,0,00,ffffffff,0,0
2248981000,P_FIRE,1,1,1,5e4714e1,1,RX,1,0,0,IDLE,0,0,0,0,0,0,0,1,0,1,0,0,0,0,0,0,00,ffffffff,0,0
2288981000,P_FIRE,1,1,1,c0ffee01,1,RX,1,0,0,IDLE,0,0,0,0,0,0,0,1,0,1,0,0,0,0,0,0,00,ffffffff,0,0
2328981000,P_FIRE,1,1,1,ab1e0001,1,RX,1,0,0,IDLE,0,0,0,0,0,0,0,1,0,1,0,0,0,0,0,0,00,ffffffff,0,0
2328994000,LD_ST,1,0,0,ab1e0001,12,CRC_WAIT,1,0,0,IDLE,0,0,0,0,0,0,0,1,0,1,0,0,0,0,0,0,00,ffffffff,0,0
2329006000,LD_ST,1,0,0,ab1e0001,2,DEC,1,0,0,IDLE,0,0,0,0,0,0,0,1,0,1,0,0,0,0,0,0,00,ffffffff,0,0
2329019000,LD_ST,1,0,0,ab1e0001,11,WR_WAIT,1,0,0,IDLE,0,0,0,0,0,0,0,1,0,1,0,0,0,0,0,0,00,ffffffff,0,0
2329031000,LD_ST,1,0,0,ab1e0001,3,WRITE,1,0,0,IDLE,0,0,0,0,0,0,0,1,0,1,0,0,0,0,0,0,00,ffffffff,0,0
2329044000,UI_ST,1,0,0,ab1e0001,11,WR_WAIT,1,1,1,WR,1,1,1,0,1,0,0,1,0,1,0,0,0,0,0,0,00,ffffffff,0,0
2329056000,LD_ST,1,0,0,ab1e0001,3,WRITE,1,1,1,WR,1,1,1,1,1,1,1,1,1,1,0,1,0,0,0,0,00,ffffffff,0,0
2329069000,UI_ST,1,0,0,ab1e0001,3,WRITE,1,1,2,RD,1,1,1,1,0,1,1,1,0,1,0,1,0,0,0,0,00,ffffffff,0,0
2329081000,UI_ST,1,0,0,ab1e0001,3,WRITE,1,1,3,WAIT,1,1,0,1,0,1,0,1,0,1,0,1,0,0,0,0,00,ffffffff,0,0
2329119000,APP_RDV,1,0,0,ab1e0001,3,WRITE,1,1,3,WAIT,1,1,0,1,0,1,0,1,0,1,1,1,0,0,0,0,00,ffffffff,0,0
2329131000,UI_ST,1,0,0,ab1e0001,3,WRITE,1,1,4,HOLD,1,1,0,1,0,1,0,1,0,1,0,1,0,0,0,0,00,ffffffff,0,0
2329144000,UI_ST,1,0,0,ab1e0001,3,WRITE,1,1,5,RSP,0,1,0,1,0,1,0,1,0,1,0,1,0,0,0,0,00,ffffffff,0,0
2329156000,UI_ST,1,0,0,ab1e0001,3,WRITE,1,0,0,IDLE,0,0,0,1,0,1,0,1,0,1,0,1,0,0,0,0,00,ffffffff,0,0
2329169000,UI_ST,1,0,0,ab1e0001,11,WR_WAIT,1,1,1,WR,1,1,1,0,1,0,0,1,0,1,0,0,0,0,0,0,00,ffffffff,0,0
2329181000,LD_ST,1,0,0,ab1e0001,3,WRITE,1,1,1,WR,1,1,1,1,1,1,1,1,1,1,0,1,0,0,0,0,00,ffffffff,0,0
2329194000,UI_ST,1,0,0,ab1e0001,3,WRITE,1,1,2,RD,1,1,1,1,0,1,1,1,0,1,0,1,0,0,0,0,00,ffffffff,0,0
2329206000,UI_ST,1,0,0,ab1e0001,3,WRITE,1,1,3,WAIT,1,1,0,1,0,1,0,1,0,1,0,1,0,0,0,0,00,ffffffff,0,0
2329244000,APP_RDV,1,0,0,ab1e0001,3,WRITE,1,1,3,WAIT,1,1,0,1,0,1,0,1,0,1,1,1,0,0,0,0,00,ffffffff,0,0
2329256000,UI_ST,1,0,0,ab1e0001,3,WRITE,1,1,4,HOLD,1,1,0,1,0,1,0,1,0,1,0,1,0,0,0,0,00,ffffffff,0,0
2329269000,UI_ST,1,0,0,ab1e0001,3,WRITE,1,1,5,RSP,0,1,0,1,0,1,0,1,0,1,0,1,0,0,0,0,00,ffffffff,0,0
2329281000,UI_ST,1,0,0,ab1e0001,3,WRITE,1,0,0,IDLE,0,0,0,1,0,1,0,1,0,1,0,1,0,0,0,0,00,ffffffff,0,0
2329294000,UI_ST,1,0,0,ab1e0001,11,WR_WAIT,1,1,1,WR,1,1,1,0,1,0,0,1,0,1,0,0,0,0,0,0,00,ffffffff,0,0
2329306000,LD_ST,1,0,0,ab1e0001,3,WRITE,1,1,1,WR,1,1,1,1,1,1,1,1,1,1,0,1,0,0,0,0,00,ffffffff,0,0
2329319000,UI_ST,1,0,0,ab1e0001,3,WRITE,1,1,2,RD,1,1,1,1,0,1,1,1,0,1,0,1,0,0,0,0,00,ffffffff,0,0
2329331000,UI_ST,1,0,0,ab1e0001,3,WRITE,1,1,3,WAIT,1,1,0,1,0,1,0,1,0,1,0,1,0,0,0,0,00,ffffffff,0,0
2329369000,APP_RDV,1,0,0,ab1e0001,3,WRITE,1,1,3,WAIT,1,1,0,1,0,1,0,1,0,1,1,1,0,0,0,0,00,ffffffff,0,0
2329381000,UI_ST,1,0,0,ab1e0001,3,WRITE,1,1,4,HOLD,1,1,0,1,0,1,0,1,0,1,0,1,0,0,0,0,00,ffffffff,0,0
2329394000,UI_ST,1,0,0,ab1e0001,3,WRITE,1,1,5,RSP,0,1,0,1,0,1,0,1,0,1,0,1,0,0,0,0,00,ffffffff,0,0
2329406000,UI_ST,1,0,0,ab1e0001,3,WRITE,1,0,0,IDLE,0,0,0,1,0,1,0,1,0,1,0,1,0,0,0,0,00,ffffffff,0,0
2329419000,UI_ST,1,0,1,ab1e0001,0,IDLE,0,1,1,WR,1,1,1,0,1,0,0,1,0,1,0,0,0,0,0,0,00,ffffffff,0,0
2329431000,MUX_G,1,0,1,ab1e0001,0,IDLE,0,1,1,WR,1,1,1,1,1,1,1,1,1,1,0,1,0,0,0,0,00,ffffffff,0,0
2329444000,UI_ST,1,0,1,ab1e0001,0,IDLE,0,1,2,RD,1,1,1,1,0,1,1,1,0,1,0,1,0,0,0,0,00,ffffffff,0,0
2329456000,UI_ST,1,0,1,ab1e0001,0,IDLE,0,1,3,WAIT,1,1,0,1,0,1,0,1,0,1,0,1,0,0,0,0,00,ffffffff,0,0
2329494000,APP_RDV,1,0,1,ab1e0001,0,IDLE,0,1,3,WAIT,1,1,0,1,0,1,0,1,0,1,1,1,0,0,0,0,00,ffffffff,0,0
2329506000,UI_ST,1,0,1,ab1e0001,0,IDLE,0,1,4,HOLD,1,1,0,1,0,1,0,1,0,1,0,1,0,0,0,0,00,ffffffff,0,0
2329519000,UI_ST,1,0,1,ab1e0001,0,IDLE,0,1,5,RSP,0,1,0,1,0,1,0,1,0,1,0,1,0,0,0,0,00,ffffffff,0,0
2329531000,UI_ST,1,0,1,ab1e0001,0,IDLE,0,0,0,IDLE,0,0,0,1,0,1,0,1,0,1,0,1,1,0,0,0,00,ffffffff,0,0
2329544000,MUX_G,1,0,1,ab1e0001,0,IDLE,0,0,0,IDLE,0,0,0,0,0,0,0,1,0,1,0,0,1,0,0,0,00,ffffffff,0,0
2368981000,P_FIRE,1,1,1,00000004,0,IDLE,0,0,0,IDLE,0,0,0,0,0,0,0,1,0,1,0,0,1,0,0,0,00,ffffffff,0,0
2368994000,LD_ST,1,0,0,00000004,4,DRAIN,1,0,0,IDLE,0,0,0,0,0,0,0,1,0,1,0,0,0,0,0,0,00,ffffffff,0,0
2369006000,LD_ST,1,0,0,00000004,5,RD_ISSUE,1,0,0,IDLE,0,0,0,0,0,0,0,1,0,1,0,0,0,0,0,0,00,ffffffff,0,0
2369019000,UI_ST,1,0,0,00000004,6,RD_WAIT,1,0,2,RD,0,1,1,0,0,0,0,1,0,1,0,0,0,0,0,0,00,ffffffff,0,0
2369031000,MUX_G,1,0,0,00000004,6,RD_WAIT,1,0,2,RD,0,1,1,1,0,1,1,1,0,1,0,1,0,0,0,0,00,ffffffff,0,0
2369044000,UI_ST,1,0,0,00000004,6,RD_WAIT,1,0,3,WAIT,0,1,0,1,0,1,0,1,0,1,0,1,0,0,0,0,00,ffffffff,0,0
2369081000,APP_RDV,1,0,0,00000004,6,RD_WAIT,1,0,3,WAIT,0,1,0,1,0,1,0,1,0,1,1,1,0,0,0,0,00,ffffffff,0,0
2369094000,UI_ST,1,0,0,00000004,6,RD_WAIT,1,0,5,RSP,0,1,0,1,0,1,0,1,0,1,0,1,0,0,0,0,00,ffffffff,0,0
2369106000,UI_ST,1,0,0,00000004,7,COMMIT,1,0,0,IDLE,0,0,0,1,0,1,0,1,0,1,0,1,0,0,0,0,00,ffffffff,0,0
2369119000,LOAD_ACK_RISE,1,0,0,00000004,8,OK,0,0,0,IDLE,0,0,0,0,0,0,0,1,0,1,0,0,1,0,1,0,00,0000ffff,0,0
2369131000,ST_VALID_UI_RISE,1,0,1,00000004,0,IDLE,0,0,0,IDLE,0,0,0,0,0,0,0,1,0,1,0,0,1,0,1,0,00,0000ffff,1,1
2458494000,DEBUG_CLEAR_RISE,1,0,1,00000004,0,IDLE,0,0,0,IDLE,0,0,0,0,0,0,0,1,0,1,0,0,0,1,1,0,00,0000ffff,1,0
2458506000,LOAD_ACK_FALL,1,0,1,00000000,0,IDLE,0,0,0,IDLE,0,0,0,0,0,0,0,1,0,1,0,0,0,1,0,0,00,ffffffff,0,0
2658644000,DEBUG_CLEAR_FALL,1,0,1,00000000,0,IDLE,0,0,0,IDLE,0,0,0,0,0,0,0,1,0,1,0,0,0,0,0,0,00,ffffffff,0,0
2658656000,QSC,1,0,1,00000000,0,IDLE,0,0,0,IDLE,0,0,0,0,0,0,0,1,0,1,0,0,1,0,0,0,00,ffffffff,0,0
2746394000,P_BEGIN,1,1,1,00800001,0,IDLE,0,0,0,IDLE,0,0,0,0,0,0,0,1,0,1,0,0,1,0,0,0,00,ffffffff,0,0
2746406000,LD_ST,1,0,1,00800001,1,RX,1,0,0,IDLE,0,0,0,0,0,0,0,1,0,1,0,0,0,0,0,0,00,ffffffff,0,0
2786394000,P_FIRE,1,1,1,3149414e,1,RX,1,0,0,IDLE,0,0,0,0,0,0,0,1,0,1,0,0,0,0,0,0,00,ffffffff,0,0
2826394000,P_FIRE,1,1,1,00010001,1,RX,1,0,0,IDLE,0,0,0,0,0,0,0,1,0,1,0,0,0,0,0,0,00,ffffffff,0,0
2866394000,P_FIRE,1,1,1,00000001,1,RX,1,0,0,IDLE,0,0,0,0,0,0,0,1,0,1,0,0,0,0,0,0,00,ffffffff,0,0
2906394000,P_FIRE,1,1,1,0000ffff,1,RX,1,0,0,IDLE,0,0,0,0,0,0,0,1,0,1,0,0,0,0,0,0,00,ffffffff,0,0
2946394000,P_FIRE,1,1,1,00000001,1,RX,1,0,0,IDLE,0,0,0,0,0,0,0,1,0,1,0,0,0,0,0,0,00,ffffffff,0,0
2986394000,P_FIRE,1,1,1,00000000,1,RX,1,0,0,IDLE,0,0,0,0,0,0,0,1,0,1,0,0,0,0,0,0,00,ffffffff,0,0
3146394000,P_FIRE,1,1,1,00000001,1,RX,1,0,0,IDLE,0,0,0,0,0,0,0,1,0,1,0,0,0,0,0,0,00,ffffffff,0,0
3186394000,P_FIRE,1,1,1,99ad9e68,1,RX,1,0,0,IDLE,0,0,0,0,0,0,0,1,0,1,0,0,0,0,0,0,00,ffffffff,0,0
3226394000,P_FIRE,1,1,1,01826099,1,RX,1,0,0,IDLE,0,0,0,0,0,0,0,1,0,1,0,0,0,0,0,0,00,ffffffff,0,0
3266394000,P_FIRE,1,1,1,d4c9916c,1,RX,1,0,0,IDLE,0,0,0,0,0,0,0,1,0,1,0,0,0,0,0,0,00,ffffffff,0,0
3306394000,P_FIRE,1,1,1,4b05ed1c,1,RX,1,0,0,IDLE,0,0,0,0,0,0,0,1,0,1,0,0,0,0,0,0,00,ffffffff,0,0
3346394000,P_FIRE,1,1,1,025e9d1c,1,RX,1,0,0,IDLE,0,0,0,0,0,0,0,1,0,1,0,0,0,0,0,0,00,ffffffff,0,0
3386394000,P_FIRE,1,1,1,b61462d8,1,RX,1,0,0,IDLE,0,0,0,0,0,0,0,1,0,1,0,0,0,0,0,0,00,ffffffff,0,0
3426394000,P_FIRE,1,1,1,ba99454e,1,RX,1,0,0,IDLE,0,0,0,0,0,0,0,1,0,1,0,0,0,0,0,0,00,ffffffff,0,0
3466394000,P_FIRE,1,1,1,205a5abd,1,RX,1,0,0,IDLE,0,0,0,0,0,0,0,1,0,1,0,0,0,0,0,0,00,ffffffff,0,0
3506394000,P_FIRE,1,1,1,8dd9c85f,1,RX,1,0,0,IDLE,0,0,0,0,0,0,0,1,0,1,0,0,0,0,0,0,00,ffffffff,0,0
3546394000,P_FIRE,1,1,1,a287b1fc,1,RX,1,0,0,IDLE,0,0,0,0,0,0,0,1,0,1,0,0,0,0,0,0,00,ffffffff,0,0
3586394000,P_FIRE,1,1,1,5f0d8ee1,1,RX,1,0,0,IDLE,0,0,0,0,0,0,0,1,0,1,0,0,0,0,0,0,00,ffffffff,0,0
3626394000,P_FIRE,1,1,1,4764ac69,1,RX,1,0,0,IDLE,0,0,0,0,0,0,0,1,0,1,0,0,0,0,0,0,00,ffffffff,0,0
3666394000,P_FIRE,1,1,1,a6386386,1,RX,1,0,0,IDLE,0,0,0,0,0,0,0,1,0,1,0,0,0,0,0,0,00,ffffffff,0,0
3706394000,P_FIRE,1,1,1,d5c12b61,1,RX,1,0,0,IDLE,0,0,0,0,0,0,0,1,0,1,0,0,0,0,0,0,00,ffffffff,0,0
3746394000,P_FIRE,1,1,1,990f8cc5,1,RX,1,0,0,IDLE,0,0,0,0,0,0,0,1,0,1,0,0,0,0,0,0,00,ffffffff,0,0
3786394000,P_FIRE,1,1,1,529208bf,1,RX,1,0,0,IDLE,0,0,0,0,0,0,0,1,0,1,0,0,0,0,0,0,00,ffffffff,0,0
3826394000,P_FIRE,1,1,1,00000100,1,RX,1,0,0,IDLE,0,0,0,0,0,0,0,1,0,1,0,0,0,0,0,0,00,ffffffff,0,0
3866394000,P_FIRE,1,1,1,00010080,1,RX,1,0,0,IDLE,0,0,0,0,0,0,0,1,0,1,0,0,0,0,0,0,00,ffffffff,0,0
3906394000,P_FIRE,1,1,1,3f28bdc0,1,RX,1,0,0,IDLE,0,0,0,0,0,0,0,1,0,1,0,0,0,0,0,0,00,ffffffff,0,0
3946394000,P_FIRE,1,1,1,00000000,1,RX,1,0,0,IDLE,0,0,0,0,0,0,0,1,0,1,0,0,0,0,0,0,00,ffffffff,0,0
4026406000,LD_ST,1,0,0,00000000,12,CRC_WAIT,1,0,0,IDLE,0,0,0,0,0,0,0,1,0,1,0,0,0,0,0,0,00,ffffffff,0,0
4026419000,LD_ST,1,0,0,00000000,2,DEC,1,0,0,IDLE,0,0,0,0,0,0,0,1,0,1,0,0,0,0,0,0,00,ffffffff,0,0
4026431000,LD_ST,1,0,1,00000000,0,IDLE,0,0,0,IDLE,0,0,0,0,0,0,0,1,0,1,0,0,1,0,0,0,00,ffffffff,0,0
4066394000,P_FIRE,1,1,1,00200002,0,IDLE,0,0,0,IDLE,0,0,0,0,0,0,0,1,0,1,0,0,1,0,0,0,00,ffffffff,0,0
4066406000,LD_ST,1,0,1,00200002,1,RX,1,0,0,IDLE,0,0,0,0,0,0,0,1,0,1,0,0,0,0,0,0,00,ffffffff,0,0
4106394000,P_FIRE,1,1,1,00000800,1,RX,1,0,0,IDLE,0,0,0,0,0,0,0,1,0,1,0,0,0,0,0,0,00,ffffffff,0,0
4146394000,P_FIRE,1,1,1,00000000,1,RX,1,0,0,IDLE,0,0,0,0,0,0,0,1,0,1,0,0,0,0,0,0,00,ffffffff,0,0
4186394000,P_FIRE,1,1,1,00000010,1,RX,1,0,0,IDLE,0,0,0,0,0,0,0,1,0,1,0,0,0,0,0,0,00,ffffffff,0,0
4226394000,P_FIRE,1,1,1,00010004,1,RX,1,0,0,IDLE,0,0,0,0,0,0,0,1,0,1,0,0,0,0,0,0,00,ffffffff,0,0
4266394000,P_FIRE,1,1,1,00000004,1,RX,1,0,0,IDLE,0,0,0,0,0,0,0,1,0,1,0,0,0,0,0,0,00,ffffffff,0,0
4306394000,P_FIRE,1,1,1,785bb750,1,RX,1,0,0,IDLE,0,0,0,0,0,0,0,1,0,1,0,0,0,0,0,0,00,ffffffff,0,0
4346394000,P_FIRE,1,1,1,4e414931,1,RX,1,0,0,IDLE,0,0,0,0,0,0,0,1,0,1,0,0,0,0,0,0,00,ffffffff,0,0
4386394000,P_FIRE,1,1,1,00000000,1,RX,1,0,0,IDLE,0,0,0,0,0,0,0,1,0,1,0,0,0,0,0,0,00,ffffffff,0,0
4386406000,LD_ST,1,0,0,00000000,12,CRC_WAIT,1,0,0,IDLE,0,0,0,0,0,0,0,1,0,1,0,0,0,0,0,0,00,ffffffff,0,0
4386419000,LD_ST,1,0,0,00000000,2,DEC,1,0,0,IDLE,0,0,0,0,0,0,0,1,0,1,0,0,0,0,0,0,00,ffffffff,0,0
4386431000,LD_ST,1,0,1,00000000,0,IDLE,0,0,0,IDLE,0,0,0,0,0,0,0,1,0,1,0,0,1,0,0,0,00,ffffffff,0,0
4426394000,P_FIRE,1,1,1,00200003,0,IDLE,0,0,0,IDLE,0,0,0,0,0,0,0,1,0,1,0,0,1,0,0,0,00,ffffffff,0,0
4426406000,LD_ST,1,0,1,00200003,1,RX,1,0,0,IDLE,0,0,0,0,0,0,0,1,0,1,0,0,0,0,0,0,00,ffffffff,0,0
4466394000,P_FIRE,1,1,1,00000001,1,RX,1,0,0,IDLE,0,0,0,0,0,0,0,1,0,1,0,0,0,0,0,0,00,ffffffff,0,0
4506394000,P_FIRE,1,1,1,00000000,1,RX,1,0,0,IDLE,0,0,0,0,0,0,0,1,0,1,0,0,0,0,0,0,00,ffffffff,0,0
4546394000,P_FIRE,1,1,1,00000010,1,RX,1,0,0,IDLE,0,0,0,0,0,0,0,1,0,1,0,0,0,0,0,0,00,ffffffff,0,0
4586394000,P_FIRE,1,1,1,785bb750,1,RX,1,0,0,IDLE,0,0,0,0,0,0,0,1,0,1,0,0,0,0,0,0,00,ffffffff,0,0
4626394000,P_FIRE,1,1,1,a11ce001,1,RX,1,0,0,IDLE,0,0,0,0,0,0,0,1,0,1,0,0,0,0,0,0,00,ffffffff,0,0
4666394000,P_FIRE,1,1,1,5e4714e1,1,RX,1,0,0,IDLE,0,0,0,0,0,0,0,1,0,1,0,0,0,0,0,0,00,ffffffff,0,0
4706394000,P_FIRE,1,1,1,c0ffee01,1,RX,1,0,0,IDLE,0,0,0,0,0,0,0,1,0,1,0,0,0,0,0,0,00,ffffffff,0,0
4746394000,P_FIRE,1,1,1,ab1e0001,1,RX,1,0,0,IDLE,0,0,0,0,0,0,0,1,0,1,0,0,0,0,0,0,00,ffffffff,0,0
4746406000,LD_ST,1,0,0,ab1e0001,12,CRC_WAIT,1,0,0,IDLE,0,0,0,0,0,0,0,1,0,1,0,0,0,0,0,0,00,ffffffff,0,0
4746419000,LD_ST,1,0,0,ab1e0001,2,DEC,1,0,0,IDLE,0,0,0,0,0,0,0,1,0,1,0,0,0,0,0,0,00,ffffffff,0,0
4746431000,LD_ST,1,0,0,ab1e0001,11,WR_WAIT,1,0,0,IDLE,0,0,0,0,0,0,0,1,0,1,0,0,0,0,0,0,00,ffffffff,0,0
4746444000,LD_ST,1,0,0,ab1e0001,3,WRITE,1,0,0,IDLE,0,0,0,0,0,0,0,1,0,1,0,0,0,0,0,0,00,ffffffff,0,0
4746456000,UI_ST,1,0,0,ab1e0001,11,WR_WAIT,1,1,1,WR,1,1,1,0,1,0,0,1,0,1,0,0,0,0,0,0,00,ffffffff,0,0
4746469000,LD_ST,1,0,0,ab1e0001,3,WRITE,1,1,1,WR,1,1,1,1,1,1,1,1,1,1,0,1,0,0,0,0,00,ffffffff,0,0
4746481000,UI_ST,1,0,0,ab1e0001,3,WRITE,1,1,2,RD,1,1,1,1,0,1,1,1,0,1,0,1,0,0,0,0,00,ffffffff,0,0
4746494000,UI_ST,1,0,0,ab1e0001,3,WRITE,1,1,3,WAIT,1,1,0,1,0,1,0,1,0,1,0,1,0,0,0,0,00,ffffffff,0,0
4746531000,APP_RDV,1,0,0,ab1e0001,3,WRITE,1,1,3,WAIT,1,1,0,1,0,1,0,1,0,1,1,1,0,0,0,0,00,ffffffff,0,0
4746544000,UI_ST,1,0,0,ab1e0001,3,WRITE,1,1,4,HOLD,1,1,0,1,0,1,0,1,0,1,0,1,0,0,0,0,00,ffffffff,0,0
4746556000,UI_ST,1,0,0,ab1e0001,3,WRITE,1,1,5,RSP,0,1,0,1,0,1,0,1,0,1,0,1,0,0,0,0,00,ffffffff,0,0
4746569000,UI_ST,1,0,0,ab1e0001,3,WRITE,1,0,0,IDLE,0,0,0,1,0,1,0,1,0,1,0,1,0,0,0,0,00,ffffffff,0,0
4746581000,UI_ST,1,0,0,ab1e0001,11,WR_WAIT,1,1,1,WR,1,1,1,0,1,0,0,1,0,1,0,0,0,0,0,0,00,ffffffff,0,0
4746594000,LD_ST,1,0,0,ab1e0001,3,WRITE,1,1,1,WR,1,1,1,1,1,1,1,1,1,1,0,1,0,0,0,0,00,ffffffff,0,0
4746606000,UI_ST,1,0,0,ab1e0001,3,WRITE,1,1,2,RD,1,1,1,1,0,1,1,1,0,1,0,1,0,0,0,0,00,ffffffff,0,0
4746619000,UI_ST,1,0,0,ab1e0001,3,WRITE,1,1,3,WAIT,1,1,0,1,0,1,0,1,0,1,0,1,0,0,0,0,00,ffffffff,0,0
4746656000,APP_RDV,1,0,0,ab1e0001,3,WRITE,1,1,3,WAIT,1,1,0,1,0,1,0,1,0,1,1,1,0,0,0,0,00,ffffffff,0,0
4746669000,UI_ST,1,0,0,ab1e0001,3,WRITE,1,1,4,HOLD,1,1,0,1,0,1,0,1,0,1,0,1,0,0,0,0,00,ffffffff,0,0
4746681000,UI_ST,1,0,0,ab1e0001,3,WRITE,1,1,5,RSP,0,1,0,1,0,1,0,1,0,1,0,1,0,0,0,0,00,ffffffff,0,0
4746694000,UI_ST,1,0,0,ab1e0001,3,WRITE,1,0,0,IDLE,0,0,0,1,0,1,0,1,0,1,0,1,0,0,0,0,00,ffffffff,0,0
4746706000,UI_ST,1,0,0,ab1e0001,11,WR_WAIT,1,1,1,WR,1,1,1,0,1,0,0,1,0,1,0,0,0,0,0,0,00,ffffffff,0,0
4746719000,LD_ST,1,0,0,ab1e0001,3,WRITE,1,1,1,WR,1,1,1,1,1,1,1,1,1,1,0,1,0,0,0,0,00,ffffffff,0,0
4746731000,UI_ST,1,0,0,ab1e0001,3,WRITE,1,1,2,RD,1,1,1,1,0,1,1,1,0,1,0,1,0,0,0,0,00,ffffffff,0,0
4746744000,UI_ST,1,0,0,ab1e0001,3,WRITE,1,1,3,WAIT,1,1,0,1,0,1,0,1,0,1,0,1,0,0,0,0,00,ffffffff,0,0
4746781000,APP_RDV,1,0,0,ab1e0001,3,WRITE,1,1,3,WAIT,1,1,0,1,0,1,0,1,0,1,1,1,0,0,0,0,00,ffffffff,0,0
4746794000,UI_ST,1,0,0,ab1e0001,3,WRITE,1,1,4,HOLD,1,1,0,1,0,1,0,1,0,1,0,1,0,0,0,0,00,ffffffff,0,0
4746806000,UI_ST,1,0,0,ab1e0001,3,WRITE,1,1,5,RSP,0,1,0,1,0,1,0,1,0,1,0,1,0,0,0,0,00,ffffffff,0,0
4746819000,UI_ST,1,0,0,ab1e0001,3,WRITE,1,0,0,IDLE,0,0,0,1,0,1,0,1,0,1,0,1,0,0,0,0,00,ffffffff,0,0
4746831000,UI_ST,1,0,1,ab1e0001,0,IDLE,0,1,1,WR,1,1,1,0,1,0,0,1,0,1,0,0,0,0,0,0,00,ffffffff,0,0
4746844000,MUX_G,1,0,1,ab1e0001,0,IDLE,0,1,1,WR,1,1,1,1,1,1,1,1,1,1,0,1,0,0,0,0,00,ffffffff,0,0
4746856000,UI_ST,1,0,1,ab1e0001,0,IDLE,0,1,2,RD,1,1,1,1,0,1,1,1,0,1,0,1,0,0,0,0,00,ffffffff,0,0
4746869000,UI_ST,1,0,1,ab1e0001,0,IDLE,0,1,3,WAIT,1,1,0,1,0,1,0,1,0,1,0,1,0,0,0,0,00,ffffffff,0,0
4746906000,APP_RDV,1,0,1,ab1e0001,0,IDLE,0,1,3,WAIT,1,1,0,1,0,1,0,1,0,1,1,1,0,0,0,0,00,ffffffff,0,0
4746919000,UI_ST,1,0,1,ab1e0001,0,IDLE,0,1,4,HOLD,1,1,0,1,0,1,0,1,0,1,0,1,0,0,0,0,00,ffffffff,0,0
4746931000,UI_ST,1,0,1,ab1e0001,0,IDLE,0,1,5,RSP,0,1,0,1,0,1,0,1,0,1,0,1,0,0,0,0,00,ffffffff,0,0
4746944000,UI_ST,1,0,1,ab1e0001,0,IDLE,0,0,0,IDLE,0,0,0,1,0,1,0,1,0,1,0,1,1,0,0,0,00,ffffffff,0,0
4746956000,MUX_G,1,0,1,ab1e0001,0,IDLE,0,0,0,IDLE,0,0,0,0,0,0,0,1,0,1,0,0,1,0,0,0,00,ffffffff,0,0
4786394000,P_FIRE,1,1,1,00000004,0,IDLE,0,0,0,IDLE,0,0,0,0,0,0,0,1,0,1,0,0,1,0,0,0,00,ffffffff,0,0
4786406000,LD_ST,1,0,0,00000004,4,DRAIN,1,0,0,IDLE,0,0,0,0,0,0,0,1,0,1,0,0,0,0,0,0,00,ffffffff,0,0
4786419000,LD_ST,1,0,0,00000004,5,RD_ISSUE,1,0,0,IDLE,0,0,0,0,0,0,0,1,0,1,0,0,0,0,0,0,00,ffffffff,0,0
4786431000,UI_ST,1,0,0,00000004,6,RD_WAIT,1,0,2,RD,0,1,1,0,0,0,0,1,0,1,0,0,0,0,0,0,00,ffffffff,0,0
4786444000,MUX_G,1,0,0,00000004,6,RD_WAIT,1,0,2,RD,0,1,1,1,0,1,1,1,0,1,0,1,0,0,0,0,00,ffffffff,0,0
4786456000,UI_ST,1,0,0,00000004,6,RD_WAIT,1,0,3,WAIT,0,1,0,1,0,1,0,1,0,1,0,1,0,0,0,0,00,ffffffff,0,0
4786494000,APP_RDV,1,0,0,00000004,6,RD_WAIT,1,0,3,WAIT,0,1,0,1,0,1,0,1,0,1,1,1,0,0,0,0,00,ffffffff,0,0
4786506000,UI_ST,1,0,0,00000004,6,RD_WAIT,1,0,5,RSP,0,1,0,1,0,1,0,1,0,1,0,1,0,0,0,0,00,ffffffff,0,0
4786519000,UI_ST,1,0,0,00000004,7,COMMIT,1,0,0,IDLE,0,0,0,1,0,1,0,1,0,1,0,1,0,0,0,0,00,ffffffff,0,0
4786531000,LOAD_ACK_RISE,1,0,0,00000004,8,OK,0,0,0,IDLE,0,0,0,0,0,0,0,1,0,1,0,0,1,0,1,0,00,0000ffff,0,0
4786544000,ST_VALID_UI_RISE,1,0,1,00000004,0,IDLE,0,0,0,IDLE,0,0,0,0,0,0,0,1,0,1,0,0,1,0,1,0,00,0000ffff,1,1
